{"stats":{"minecraft:custom":{"minecraft:time_since_rest":74067,"minecraft:crouch_one_cm":415,"minecraft:damage_absorbed":312,"minecraft:play_time":104649,"minecraft:sprint_one_cm":8857,"minecraft:deaths":7,"minecraft:damage_taken":1016,"minecraft:walk_one_cm":20814,"minecraft:sneak_time":751,"minecraft:walk_under_water_one_cm":774,"minecraft:jump":119,"minecraft:damage_dealt":80,"minecraft:leave_game":7,"minecraft:walk_on_water_one_cm":311,"minecraft:time_since_death":74040,"minecraft:total_world_time":104649,"minecraft:damage_resisted":142,"minecraft:fall_one_cm":15925,"minecraft:fly_one_cm":203976},"minecraft:picked_up":{"minecraft:dandelion":1,"minecraft:grass_block":128},"minecraft:used":{"minecraft:lever":12,"minecraft:glass":33,"minecraft:command_block":12,"minecraft:enchanted_golden_apple":3},"minecraft:mined":{"minecraft:short_grass":2,"minecraft:tall_grass":3,"minecraft:player_head":1}},"DataVersion":3839}